Game ID,Date,Start Time,Venue,Sub-Venue,Age Group,Status,Published,Zone,League,Gender,Game Type,Home Team,Away Team,Pattern,Payor,Paid Via,Assignor,Notes,Assignor Notes,Assignr Database ID,Default Fee,Actual Fee,Travel Fee,Position 1,Official 1,Position 2,Official 2
,2025-08-27,6:00 PM,Northside Complex (Field 3),,RVL / 9-10U DIV A / 90min,Active,Published,,Riverview Little League,C-BB,RVL Baseball,Home,Away,2 umpires,Example Officials LLC,Check or Direct Deposit,Alex Assignor,https://example.org/rvl-rules,,90000001,$45.00,$45.00,$0.00,Umpire,"Rivera (F25), Sam",Umpire,"Boyd, Marcus"
,2025-08-27,7:30 PM,Northside Complex (Field 3),,RVL / 9-10U DIV A / 90min,Active,Published,,Riverview Little League,C-BB,RVL Baseball,Home,Away,2 umpires,Example Officials LLC,Check or Direct Deposit,Alex Assignor,https://example.org/rvl-rules,,90000002,$45.00,$45.00,$0.00,Umpire,"Rivera (F25), Sam",Umpire,"Boyd, Marcus"
,2025-09-02,7:00 PM,Eastfield Park Field 1,,Adult-SP-Thursday-Open,Active,Published,,Eastfield Parks & Rec,C-SP,Adult Slow Pitch Softball,Home,Away,2 umpires,Example Officials LLC,Check or Direct Deposit,Alex Assignor,,,90000003,$25.00,$25.00,$0.00,Umpire,"Chen, Wei",Umpire,"Rivera (F25), Sam"
,2025-09-02,8:00 PM,Eastfield Park Field 1,,Adult-SP-Thursday-Open,Active,Published,,Eastfield Parks & Rec,C-SP,Championship Game,Home,Away,2 umpires,Example Officials LLC,Check or Direct Deposit,Alex Assignor,,,90000004,$25.00,$30.00,$0.00,Umpire,"Chen, Wei",Umpire,"Rivera (F25), Sam"
,2025-09-27,1:30 PM,Lakeview Park: Red Field,,Adult Kickball League,Active,Published,,Lakeview Kickball Association,C-KB,Adult Kickball,Home,Away,1 umpire,Example Officials LLC,Check or Direct Deposit,Alex Assignor,"https://example.org/kickball :::Extra Innings= R2, 1 out.",,90000005,$50.00,$50.00,$0.00,Umpire,"Rivera (F25), Sam"
,2025-09-27,3:00 PM,Lakeview Park: Blue Field,,Adult Kickball League,Active,Published,,Lakeview Kickball Association,C-KB,Adult Kickball,Home,Away,1 umpire,Example Officials LLC,Check or Direct Deposit,Alex Assignor,,,90000006,$50.00,$50.00,$0.00,Umpire,"Rivera (F25), Sam"
,2025-10-29,5:30 PM,Summit Fields-Field 6,,SUM-9U-Premier (90 min),Active,Published,,Summit Baseball Club,C-BB,Makeup,Home,Away,2 umpires,Example Officials LLC,Check or Direct Deposit,Alex Assignor,https://example.org/summit Single umpire fee 1.5,,90000007,$45.00,$68.00,$0.00,Umpire,"Rivera (F25), Sam"
,2026-04-02,6:00 PM,Northside Complex (Field 5),,RVL / 5-6U / MOD / CP / 75min,Cancelled - No Pay,Published,,Riverview Little League,C-BB,RVL Baseball,Home,Away,1 umpire,Example Officials LLC,Check or Direct Deposit,Alex Assignor,,,90000008,$40.00,$0.00,$0.00,Umpire,"Rivera (F25), Sam"
,2026-04-02,7:15 PM,Northside Complex (Field 5),,RVL / 7-8U DIV AA / CP / 90min,Cancelled - No Pay,Published,,Riverview Little League,C-BB,RVL Baseball,Home,Away,1 umpire,Example Officials LLC,Check or Direct Deposit,Alex Assignor,,,90000009,$45.00,$0.00,$0.00,Umpire,"Rivera (F25), Sam"
,2026-05-11,6:00 PM,Westgate Athletic Park,,RVL / 7-8U DIV A / CP / 90min,Active,Published,,Riverview Little League,C-BB,RVL Baseball,Home,Away,1 umpire,Example Officials LLC,Check or Direct Deposit,Alex Assignor,,,90000010,$45.00,$45.00,$0.00,Umpire,"Rivera (F25), Sam"
,2026-05-12,6:00 PM,Westgate Athletic Park.,,RVL / 7-8U DIV A / CP / 90min,Active,Published,,Riverview Little League,C-BB,RVL Baseball,Home,Away,1 umpire,Example Officials LLC,Check or Direct Deposit,Alex Assignor,,,90000011,$45.00,$45.00,$0.00,Umpire,"Rivera (F25), Sam"
,2026-06-13,9:00 AM,Northside Complex (Field 3),,RVL / 11-12U DIV A / 100min,Active,Published,,Riverview Little League,C-BB,Pool Play,Home,Away,2 umpires,Example Officials LLC,Check or Direct Deposit,Alex Assignor,,,90000012,$50.00,$50.00,$0.00,Umpire,"Rivera (S26), Sam",Umpire,"Okafor, Nia"
,2026-06-13,2:00 PM,Eastfield Park Field 2,,Adult-SP-Thursday-Open,Active,Published,,Eastfield Parks & Rec,C-SP,Bracket Play,Home,Away,2 umpires,Example Officials LLC,Check or Direct Deposit,Alex Assignor,,,90000013,$25.00,$25.00,$0.00,Umpire,"Rivera (S26), Sam",Umpire,"Okafor, Nia"
,2026-05-08,6:00 PM,Hilltop-2,,HIL-9u/10u,Active,Published,,Hilltop Select,,Regular Season,Home,Away,1 umpire,Example Officials LLC,Check or Direct Deposit,Dana Scheduler,,,90000014,$45.00,$45.00,$0.00,Umpire,"Rivera (F25), Sam"
,2026-05-08,7:45 PM,Hilltop-2,,HIL-9u/10u,Active,Published,,Hilltop Select,,Regular Season,Home,Away,1 umpire,Example Officials LLC,Check or Direct Deposit,Dana Scheduler,,,90000015,$45.00,$45.00,$0.00,Umpire,"Rivera (F25), Sam"
,2026-09-12,9:00 AM,Cedar Ridge Softball / Field A,,CRS-Softball-10U-Modified Kid Pitch (65 min),Active,Published,,Cedar Ridge Softball Association,C-FP,Fastpitch Softball,Home,Away,2 umpires,Example Officials LLC,Check or Direct Deposit,Alex Assignor,,,90000016,$45.00,$45.00,$0.00,Umpire,"Rivera (S26), Sam",Umpire,"Boyd, Marcus"
,2026-09-12,10:15 AM,Cedar Ridge Softball / Field A,,CRS-Softball-10U-Modified Kid Pitch (65 min),Active,Published,,Cedar Ridge Softball Association,C-FP,Fastpitch Softball,Home,Away,2 umpires,Example Officials LLC,Check or Direct Deposit,Alex Assignor,,,90000017,$45.00,$45.00,$0.00,Umpire,"Rivera (S26), Sam",Umpire,"Boyd, Marcus"
,2026-09-17,6:00 PM,Cedar Ridge Softball / Field A,,CRS-Softball-10U-Modified Kid Pitch (65 min),Active,Published,,Cedar Ridge Softball Association,C-FP,Fastpitch Softball,Home,Away,2 umpires,Example Officials LLC,Check or Direct Deposit,Alex Assignor,,,90000018,$45.00,$45.00,$0.00,Umpire,"Rivera (S26), Sam",Umpire,"Boyd, Marcus"
,2026-09-17,7:30 PM,Cedar Ridge Softball / Field A,,CRS-Softball-10U-Modified Kid Pitch (65 min),Active,Published,,Cedar Ridge Softball Association,C-FP,Fastpitch Softball,Home,Away,2 umpires,Example Officials LLC,Check or Direct Deposit,Alex Assignor,,,90000019,$45.00,$45.00,$0.00,Umpire,"Rivera (S26), Sam",Umpire,"Boyd, Marcus"
,2026-09-24,6:00 PM,Cedar Ridge Softball / Field A,,CRS-Softball-10U-Modified Kid Pitch (65 min),Active,Published,,Cedar Ridge Softball Association,C-FP,Fastpitch Softball,Home,Away,2 umpires,Example Officials LLC,Check or Direct Deposit,Alex Assignor,,,90000020,$45.00,$45.00,$0.00,Umpire,"Rivera (S26), Sam",Umpire,"Boyd, Marcus"
,2026-09-24,7:30 PM,Cedar Ridge Softball / Field A,,CRS-Softball-10U-Modified Kid Pitch (65 min),Active,Published,,Cedar Ridge Softball Association,C-FP,Fastpitch Softball,Home,Away,2 umpires,Example Officials LLC,Check or Direct Deposit,Alex Assignor,,,90000021,$45.00,$45.00,$0.00,Umpire,"Rivera (S26), Sam",Umpire,"Boyd, Marcus"
,2026-10-01,6:00 PM,Cedar Ridge Softball / Field A,,CRS-Softball-10U-Modified Kid Pitch (65 min),Active,Published,,Cedar Ridge Softball Association,C-FP,Fastpitch Softball,Home,Away,2 umpires,Example Officials LLC,Check or Direct Deposit,Alex Assignor,,,90000022,$45.00,$45.00,$0.00,Umpire,"Rivera (S26), Sam",Umpire,"Boyd, Marcus"
,2026-10-01,7:30 PM,Cedar Ridge Softball / Field A,,CRS-Softball-10U-Modified Kid Pitch (65 min),Active,Published,,Cedar Ridge Softball Association,C-FP,Fastpitch Softball,Home,Away,2 umpires,Example Officials LLC,Check or Direct Deposit,Alex Assignor,,,90000023,$45.00,$45.00,$0.00,Umpire,"Rivera (S26), Sam",Umpire,"Boyd, Marcus"
,2026-04-18,10:00 AM,Brookside Fields (Field 2),,RVL / 9-10U DIV A / 90min,Cancelled - No Pay,Published,,Riverview Little League,C-BB,RVL Baseball,Home,Away,1 umpire,Example Officials LLC,Check or Direct Deposit,Alex Assignor,,,90000024,$45.00,$0.00,$0.00,Umpire,"Rivera (F25), Sam"
,,,,,,,,,,,,,,,,,,,,,,,,,,,
,,,,,,,,,,,,,,,,,,,,TOTALS:,"$1,030.00",$928.00,$0.00
